A4_free	A7	A8	A9	A10	A11	A12	A13	A14	A15	A16	A17	A18	A19	A20
1	404840	404840	404840	404840	404840	404840	404840	404840	404840	404840	404840	404840	404840	404840
1	0	404840	403	404840	0	404840	404840	404840	404840	404840	404840	404840	404840	404840
1	0	404840	403	404840	0	404840	404840	404840	404840	404840	404840	404840	404840	404840
1	0	404840	403	404840	0	404840	404840	404840	404840	404840	404840	404840	404840	404840
1	174924	580418	176076	581876	174858	581948	581948	582024	582254	582254	582308	582830	582974	583065
1	0	404840	403	404840	0	404840	404840	404840	404840	404840	404840	404840	404840	404840
1	111138	517884	112571	518694	111136	519342	519469	519954	519954	519954	521014	521304	521304	521700
1	119790	526302	121140	526410	119932	526572	526860	527016	527706	527706	527803	527814	528282	528534
1	0	404840	403	404840	0	404840	404840	404840	404840	404840	404840	404840	404840	404840
1	203510	609682	205351	610852	204446	610996	611176	611356	611374	611380	611860	612112	612184	612184
1	0	404840	403	404840	0	404840	404840	404840	404840	404840	404840	404840	404840	404840
1	0	404840	403	404840	0	404840	404840	404840	404840	404840	404840	404840	404840	404840
1	0	404840	403	404840	0	404840	404840	404840	404840	404840	404840	404840	404840	404840
1	183293	589460	184319	589885	183126	590000	590234	590846	590882	591455	591602	591872	591962	592024
1	0	404840	403	404840	0	404840	404840	404840	404840	404840	404840	404840	404840	404840
1	699384	1111426	569207	1109958	657250	1109262	1108158	1107726	1107690	1107137	1106801	1106286	1106232	1106232
1	158924	565448	160056	565498	158754	566924	567050	567050	567247	567392	567590	568454	568454	568616
1	0	404840	403	404840	0	404840	404840	404840	404840	404840	404840	404840	404840	404840
1	0	404840	403	404840	0	404840	404840	404840	404840	404840	404840	404840	404840	404840
1	0	404840	403	404840	0	404840	404840	404840	404840	404840	404840	404840	404840	404840
1	164082	572442	166475	572658	164542	573180	573612	574008	574242	574548	574926	574980	574980	576366
1	60672	466948	62225	467596	61190	468028	468028	468028	468666	469522	469522	469684	469684	469720
1	0	404840	403	404840	0	404840	404840	404840	404840	404840	404840	404840	404840	404840
1	0	404840	403	404840	0	404840	404840	404840	404840	404840	404840	404840	404840	404840
1	190418	596776	191532	597712	190388	597748	598000	598252	598403	599080	599080	599206	599206	599206
1	151372	558126	153283	559710	152134	560016	560231	560417	561780	561834	561870	561906	562104	562176
1	0	404840	403	404840	0	404840	404840	404840	404840	404840	404840	404840	404840	404840
1	67528	473606	69030	475172	68583	475298	475316	475374	475388	476082	476756	476774	476774	476774
1	0	404840	403	404840	0	404840	404840	404840	404840	404840	404840	404840	404840	404840
1	0	404840	403	404840	0	404840	404840	404840	404840	404840	404840	404840	404840	404840
1	187357	593271	188756	593842	187958	594436	594436	594472	594598	594850	596002	596020	596074	596092
1	0	404840	403	404840	0	404840	404840	404840	404840	404840	404840	404840	404840	404840
1	688794	1019790	525889	1019459	658124	1018206	1017738	1017270	1016964	1016586	1016586	1016244	1016172	1015558
1	731327	1359520	693472	1358490	657177	1358421	1358274	1358274	1357833	1356672	1356638	1356618	1356546	1356422
1	0	404840	403	404840	0	404840	404840	404840	404840	404840	404840	404840	404840	404840
1	0	404840	403	404840	0	404840	404840	404840	404840	404840	404840	404840	404840	404840
1	688209	964324	495410	963508	658192	962434	962164	961812	961642	960968	960084	959569	959176	959122
1	0	404840	403	404840	0	404840	404840	404840	404840	404840	404840	404840	404840	404840
1	123147	529620	124289	529620	123178	530172	530988	530988	530988	530988	531204	531204	531204	531975
1	161716	567922	163011	567958	161876	568012	568012	568533	569452	569488	569488	569488	569488	569940
1	169630	575706	170749	575850	169822	577380	577380	577434	577560	577812	577920	577920	578165	579306
1	0	404840	403	404840	0	404840	404840	404840	404840	404840	404840	404840	404840	404840
1	0	404840	403	404840	0	404840	404840	404840	404840	404840	404840	404840	404840	404840
1	0	404840	403	404840	0	404840	404840	404840	404840	404840	404840	404840	404840	404840
1	86956	493296	87988	493426	86710	495042	495065	495078	495078	495366	495456	495456	496482	496698
1	98581	505035	99776	505284	98428	506053	506724	506832	506922	506922	506922	506994	507623	508326
1	231975	638493	233652	638970	232546	639024	639024	639024	639060	639476	640644	640644	640770	640842
1	0	404840	403	404840	0	404840	404840	404840	404840	404840	404840	404840	404840	404840
1	186664	593016	187773	593016	186484	593304	593714	594726	594744	594780	594956	594960	595320	595320
1	0	404840	403	404840	0	404840	404840	404840	404840	404840	404840	404840	404840	404840
1	0	404840	403	404840	0	404840	404840	404840	404840	404840	404840	404840	404840	404840
1	0	404840	403	404840	0	404840	404840	404840	404840	404840	404840	404840	404840	404840
1	0	404840	403	404840	0	404840	404840	404840	404840	404840	404840	404840	404840	404840
1	0	404840	403	404840	0	404840	404840	404840	404840	404840	404840	404840	404840	404840
1	0	404840	403	404840	0	404840	404840	404840	404840	404840	404840	404840	404840	404840
1	174983	582732	176951	583614	175696	584100	584100	584530	585522	585648	586080	586206	586206	586206
1	0	404840	403	404840	0	404840	404840	404840	404840	404840	404840	404840	404840	404840
1	0	404840	403	404840	0	404840	404840	404840	404840	404840	404840	404840	404840	404840
1	211038	617336	212220	617480	211002	617903	619100	619100	619406	619676	619784	619784	620252	620450
1	0	404840	403	404840	0	404840	404840	404840	404840	404840	404840	404840	404840	404840
1	133396	539644	134412	539770	133202	540580	540634	540652	540932	541456	541624	541624	541624	541624
1	162398	569775	164320	570368	162738	571898	572222	572474	573158	573384	573572	574148	574148	575120
1	199912	607042	201532	607876	200408	607912	608442	609478	609478	609496	609496	610340	611098	611152
1	163938	570194	165644	571202	165138	571670	571688	571976	571976	571976	572255	573650	573650	573745
1	173039	579743	174394	581185	174572	581320	581410	581488	582050	582454	582454	582467	582601	582670
1	0	404840	403	404840	0	404840	404840	404840	404840	404840	404840	404840	404840	404840
1	0	404840	403	404840	0	404840	404840	404840	404840	404840	404840	404840	404840	404840
1	176598	583016	177659	583088	176484	583125	584564	584636	584636	584690	584816	585177	585500	585626
1	0	404840	403	404840	0	404840	404840	404840	404840	404840	404840	404840	404840	404840
1	754166	1573284	801863	1573284	662341	1573284	1573284	1573284	1573284	1573284	1573284	1573284	1573284	1573284
1	0	404840	403	404840	0	404840	404840	404840	404840	404840	404840	404840	404840	404840
1	146660	552981	147757	554564	147098	554834	554852	554852	554852	554852	555347	556292	556436	556472
1	85622	491624	86736	493352	86240	493604	494000	494054	494234	494432	494432	494576	495295	495710
1	0	404840	403	404840	0	404840	404840	404840	404840	404840	404840	404840	404840	404840
1	0	404840	403	404840	0	404840	404840	404840	404840	404840	404840	404840	404840	404840
1	143994	550240	145121	550546	143870	550852	550888	550978	550978	550978	551602	552436	552436	552562
1	0	404840	403	404840	0	404840	404840	404840	404840	404840	404840	404840	404840	404840
1	199243	606108	200701	606108	199360	606108	607422	607638	607638	607656	607692	607692	607734	608303
1	0	404840	403	404840	0	404840	404840	404840	404840	404840	404840	404840	404840	404840
1	0	404840	403	404840	0	404840	404840	404840	404840	404840	404840	404840	404840	404840
1	0	404840	403	404840	0	404840	404840	404840	404840	404840	404840	404840	404840	404840
1	0	404840	403	404840	0	404840	404840	404840	404840	404840	404840	404840	404840	404840
1	0	404840	403	404840	0	404840	404840	404840	404840	404840	404840	404840	404840	404840
1	0	404840	403	404840	0	404840	404840	404840	404840	404840	404840	404840	404840	404840
1	0	404840	403	404840	0	404840	404840	404840	404840	404840	404840	404840	404840	404840
1	159411	566176	161499	566902	160280	566902	567090	567730	567730	567730	567766	568259	568324	568900
1	183659	590302	184917	590536	183794	590572	590572	590572	591445	591994	591994	591994	591994	592194
1	0	404840	403	404840	0	404840	404840	404840	404840	404840	404840	404840	404840	404840
1	148829	554764	149827	554764	148826	556186	556186	556204	556204	556204	556555	556722	557626	557680
1	0	404840	403	404840	0	404840	404840	404840	404840	404840	404840	404840	404840	404840
1	194582	600372	195784	601884	194794	601884	601956	601956	602046	602118	602478	602478	602928	602964
1	0	404840	403	404840	0	404840	404840	404840	404840	404840	404840	404840	404840	404840
1	0	404840	403	404840	0	404840	404840	404840	404840	404840	404840	404840	404840	404840
1	122868	529252	124185	529792	123409	530300	530652	530764	530764	530890	531250	531250	531340	531853
1	125896	532084	127039	533669	125714	533884	534046	534244	534766	534766	534766	536105	536188	536188
1	148529	554910	150215	556584	149224	556674	556800	558179	558762	558852	558870	558870	560489	560706
1	0	404840	403	404840	0	404840	404840	404840	404840	404840	404840	404840	404840	404840
1	0	404840	403	404840	0	404840	404840	404840	404840	404840	404840	404840	404840	404840
1	74404	480646	75580	481078	74852	481078	481078	481078	481600	481600	482194	482194	482536	482536
1	0	404840	403	404840	0	404840	404840	404840	404840	404840	404840	404840	404840	404840
1	0	404840	403	404840	0	404840	404840	404840	404840	404840	404840	404840	404840	404840
1	0	404840	403	404840	0	404840	404840	404840	404840	404840	404840	404840	404840	404840
1	112763	519941	114843	521174	112374	521935	522956	522956	522992	523290	524540	524540	524648	524774
1	100738	506896	101904	507400	100785	507958	508894	508930	508930	509740	509740	509938	510436	511432
1	0	404840	403	404840	0	404840	404840	404840	404840	404840	404840	404840	404840	404840
1	195012	600526	195858	600850	195110	600921	601356	601966	601966	601966	602020	602074	602272	602776
1	0	404840	403	404840	0	404840	404840	404840	404840	404840	404840	404840	404840	404840
1	0	404840	403	404840	0	404840	404840	404840	404840	404840	404840	404840	404840	404840
1	142009	548384	143449	550166	141978	550756	551462	551498	551498	551984	553136	553262	553316	553316
1	274833	914072	65494	913280	250883	912254	911930	911840	911390	910778	910562	910058	909644	909140
1	0	404840	403	404840	0	404840	404840	404840	404840	404840	404840	404840	404840	404840
1	0	404840	403	404840	0	404840	404840	404840	404840	404840	404840	404840	404840	404840
1	0	404840	403	404840	0	404840	404840	404840	404840	404840	404840	404840	404840	404840
1	0	404840	403	404840	0	404840	404840	404840	404840	404840	404840	404840	404840	404840
1	0	404840	403	404840	0	404840	404840	404840	404840	404840	404840	404840	404840	404840
1	0	404840	403	404840	0	404840	404840	404840	404840	404840	404840	404840	404840	404840
1	0	404840	403	404840	0	404840	404840	404840	404840	404840	404840	404840	404840	404840
1	0	404840	403	404840	0	404840	404840	404840	404840	404840	404840	404840	404840	404840
1	0	404840	403	404840	0	404840	404840	404840	404840	404840	404840	404840	404840	404840
1	0	404840	403	404840	0	404840	404840	404840	404840	404840	404840	404840	404840	404840
1	68948	475547	70284	476030	68861	476426	476426	476426	476462	476464	477274	477974	477992	478287
1	90217	496848	91423	497172	90046	497319	497873	498612	498612	498702	499062	499091	499332	499350
1	82062	488436	83226	490056	82215	490056	490146	490254	490254	490578	491640	491784	491802	491802
1	0	404840	403	404840	0	404840	404840	404840	404840	404840	404840	404840	404840	404840
1	174897	581474	176113	581546	174996	582338	582482	582482	582579	582914	582914	582914	584031	584390
1	0	404840	403	404840	0	404840	404840	404840	404840	404840	404840	404840	404840	404840
1	0	404840	403	404840	0	404840	404840	404840	404840	404840	404840	404840	404840	404840
1	0	404840	403	404840	0	404840	404840	404840	404840	404840	404840	404840	404840	404840
1	207662	614790	209482	614790	208294	614952	614970	615486	616572	616572	616572	616572	616868	617184
1	172972	578960	173951	578996	173040	580454	580850	581264	581570	581570	581587	582020	582020	582433
1	235322	641094	236147	642390	235624	642462	642552	642552	642786	642948	643578	643578	643578	643578
1	0	404840	403	404840	0	404840	404840	404840	404840	404840	404840	404840	404840	404840
1	0	404840	403	404840	0	404840	404840	404840	404840	404840	404840	404840	404840	404840
1	0	404840	403	404840	0	404840	404840	404840	404840	404840	404840	404840	404840	404840
1	0	404840	403	404840	0	404840	404840	404840	404840	404840	404840	404840	404840	404840
1	0	404840	403	404840	0	404840	404840	404840	404840	404840	404840	404840	404840	404840
1	0	404840	403	404840	0	404840	404840	404840	404840	404840	404840	404840	404840	404840
1	0	404840	403	404840	0	404840	404840	404840	404840	404840	404840	404840	404840	404840
1	0	404840	403	404840	0	404840	404840	404840	404840	404840	404840	404840	404840	404840
1	0	404840	403	404840	0	404840	404840	404840	404840	404840	404840	404840	404840	404840
1	121819	529428	123943	529428	122806	530958	531174	531444	531948	532164	532326	532452	532452	534036
1	0	404840	403	404840	0	404840	404840	404840	404840	404840	404840	404840	404840	404840
1	0	404840	403	404840	0	404840	404840	404840	404840	404840	404840	404840	404840	404840
1	156562	563144	157824	563875	156504	564710	564782	565521	566150	566168	566330	566384	566384	566618
1	152516	559200	153778	559272	152524	559763	560928	561000	561036	561162	561162	562674	562746	562746
1	0	404840	403	404840	0	404840	404840	404840	404840	404840	404840	404840	404840	404840
1	0	404840	403	404840	0	404840	404840	404840	404840	404840	404840	404840	404840	404840
1	0	404840	403	404840	0	404840	404840	404840	404840	404840	404840	404840	404840	404840
1	158372	564036	159939	565350	158332	565584	566582	567024	567024	567024	567147	568407	568464	568464
1	174266	580102	175175	581470	174236	581470	581506	581650	581722	582477	583144	583144	583144	583180
1	117168	523874	118599	524306	117504	524630	524826	526106	526124	526250	526250	526322	527457	527834
1	82860	489158	84104	489752	82806	489860	491156	491156	491156	491210	491372	491498	491912	491912
1	150778	557460	152081	557982	150622	558108	558108	558573	559674	559710	559710	559872	559944	560070
1	0	404840	403	404840	0	404840	404840	404840	404840	404840	404840	404840	404840	404840
1	63356	470218	65062	470218	64028	470218	470547	471640	471820	471874	471877	472018	472018	472102
1	157401	565196	159936	565196	158700	565448	565448	566924	566978	567374	567482	567984	569012	569048
1	147214	553494	148239	553771	147124	554133	554640	555240	555564	555726	555726	555762	556096	556450
1	0	404840	403	404840	0	404840	404840	404840	404840	404840	404840	404840	404840	404840
1	62458	469206	63755	469206	62409	469224	469800	469854	470330	470340	470340	470516	471672	471672
1	210097	616150	211247	616370	211246	617508	617652	617814	617886	617940	618300	618300	618300	618300
1	0	404840	403	404840	0	404840	404840	404840	404840	404840	404840	404840	404840	404840
1	136027	542342	137250	542516	136092	543038	544023	544064	544334	544334	544334	544334	544568	545846
1	173504	579974	174759	580430	173496	580604	580632	581513	582062	582116	582116	582134	582152	582242
1	0	404840	403	404840	0	404840	404840	404840	404840	404840	404840	404840	404840	404840
1	0	404840	403	404840	0	404840	404840	404840	404840	404840	404840	404840	404840	404840
1	130970	537343	131896	537419	130770	537644	537698	537884	538976	539012	539012	539012	539012	539012
1	160604	567818	162157	567872	160692	568070	568787	569780	569798	569816	569816	570068	571112	571112
1	0	404840	403	404840	0	404840	404840	404840	404840	404840	404840	404840	404840	404840
1	0	404840	403	404840	0	404840	404840	404840	404840	404840	404840	404840	404840	404840
1	0	404840	403	404840	0	404840	404840	404840	404840	404840	404840	404840	404840	404840
1	0	404840	403	404840	0	404840	404840	404840	404840	404840	404840	404840	404840	404840
1	0	404840	403	404840	0	404840	404840	404840	404840	404840	404840	404840	404840	404840
1	0	404840	403	404840	0	404840	404840	404840	404840	404840	404840	404840	404840	404840
1	0	404840	402	404840	0	404840	404840	404840	404840	404840	404840	404840	404840	404840
1	113809	520632	115328	522108	113866	522108	522108	523584	523620	523836	523980	524160	524268	524340
1	0	404840	403	404840	0	404840	404840	404840	404840	404840	404840	404840	404840	404840
1	95986	503158	97388	503230	96356	504598	504842	504862	505030	505462	506542	506686	506686	506686
1	144246	551728	146448	552016	145520	552452	552754	552784	552952	553114	553114	554212	554296	554302
1	145700	552002	146800	552671	145704	553460	553496	553496	553838	554972	554972	555224	555602	555692
1	0	404840	403	404840	0	404840	404840	404840	404840	404840	404840	404840	404840	404840
1	0	404840	403	404840	0	404840	404840	404840	404840	404840	404840	404840	404840	404840
1	0	404840	403	404840	0	404840	404840	404840	404840	404840	404840	404840	404840	404840
1	0	404840	403	404840	0	404840	404840	404840	404840	404840	404840	404840	404840	404840
1	0	404840	403	404840	0	404840	404840	404840	404840	404840	404840	404840	404840	404840
1	0	404840	403	404840	0	404840	404840	404840	404840	404840	404840	404840	404840	404840
1	0	404840	403	404840	0	404840	404840	404840	404840	404840	404840	404840	404840	404840
1	0	404840	403	404840	0	404840	404840	404840	404840	404840	404840	404840	404840	404840
1	208510	614748	210059	615450	209386	615641	616134	616494	616602	616782	616782	616782	616782	617682
1	0	404840	403	404840	0	404840	404840	404840	404840	404840	404840	404840	404840	404840
1	0	404840	403	404840	0	404840	404840	404840	404840	404840	404840	404840	404840	404840
1	58242	464006	59055	464060	58212	465163	465626	465626	465644	465644	465775	466666	467030	467030
1	0	404840	403	404840	0	404840	404840	404840	404840	404840	404840	404840	404840	404840
1	194897	601656	196163	601674	195070	602376	602376	602376	602376	602534	603780	603780	603780	603780
1	0	404840	403	404840	0	404840	404840	404840	404840	404840	404840	404840	404840	404840
1	0	404840	403	404840	0	404840	404840	404840	404840	404840	404840	404840	404840	404840
1	186665	593174	187846	593552	186480	593697	595046	595334	595338	595460	595532	595604	595784	595928
1	169525	576716	171371	576788	170074	578066	578066	578066	578156	578228	578228	578750	579668	579704
1	175899	582626	177718	583502	176122	583698	583914	584617	585318	585318	585354	585354	585660	585984
1	0	404840	403	404840	0	404840	404840	404840	404840	404840	404840	404840	404840	404840
1	0	404840	403	404840	0	404840	404840	404840	404840	404840	404840	404840	404840	404840
1	0	404840	403	404840	0	404840	404840	404840	404840	404840	404840	404840	404840	404840
1	0	404840	403	404840	0	404840	404840	404840	404840	404840	404840	404840	404840	404840
1	0	404840	403	404840	0	404840	404840	404840	404840	404840	404840	404840	404840	404840
1	0	404840	403	404840	0	404840	404840	404840	404840	404840	404840	404840	404840	404840
1	53424	459142	54751	460222	53906	460564	460726	460780	461176	461176	461176	461314	461726	461860
1	0	404840	403	404840	0	404840	404840	404840	404840	404840	404840	404840	404840	404840
1	128466	534174	129535	534552	128470	534598	534876	534876	534876	534876	535549	536478	536580	536640
1	755047	1577452	802031	1577452	655863	1576060	1575666	1574887	1573913	1573432	1573358	1573277	1573208	1573182
1	0	404840	403	404840	0	404840	404840	404840	404840	404840	404840	404840	404840	404840
1	0	404840	403	404840	0	404840	404840	404840	404840	404840	404840	404840	404840	404840
1	0	404840	403	404840	0	404840	404840	404840	404840	404840	404840	404840	404840	404840
1	0	404840	403	404840	0	404840	404840	404840	404840	404840	404840	404840	404840	404840
1	203078	609126	204517	610566	204016	610692	610692	610692	610692	610890	611088	611088	611682	611682
1	0	404840	403	404840	0	404840	404840	404840	404840	404840	404840	404840	404840	404840
1	0	404840	403	404840	0	404840	404840	404840	404840	404840	404840	404840	404840	404840
1	0	404840	403	404840	0	404840	404840	404840	404840	404840	404840	404840	404840	404840
1	0	404840	403	404840	0	404840	404840	404840	404840	404840	404840	404840	404840	404840
1	155178	561582	156516	562050	155127	562140	562302	562932	562932	563346	563346	563642	563778	564030
1	712889	1214666	619290	1214630	655170	1214453	1213405	1212877	1212722	1212369	1211455	1210994	1210900	1210436
1	0	404840	403	404840	0	404840	404840	404840	404840	404840	404840	404840	404840	404840
1	175604	582398	177107	582902	175470	583028	583089	584504	584576	584648	584648	584648	584864	585242
1	90610	496310	91464	496580	90570	496691	497984	498056	498056	498056	498128	498290	498290	498344
1	0	404840	403	404840	0	404840	404840	404840	404840	404840	404840	404840	404840	404840
1	121314	528652	123507	529536	122210	529768	531003	531136	531226	531316	531388	532335	532846	532846
1	0	404840	403	404840	0	404840	404840	404840	404840	404840	404840	404840	404840	404840
1	206406	611826	207204	612384	206446	612690	612726	612726	613102	614202	614202	614364	614364	614382
1	0	404840	403	404840	0	404840	404840	404840	404840	404840	404840	404840	404840	404840
1	0	404840	403	404840	0	404840	404840	404840	404840	404840	404840	404840	404840	404840
1	67694	473742	69035	474372	67966	474444	474444	474840	475326	475326	475326	475583	475614	475776
1	107825	514150	108720	514567	107528	515068	515104	515104	515194	516490	516490	516490	516544	516544
1	0	404840	403	404840	0	404840	404840	404840	404840	404840	404840	404840	404840	404840
1	0	404840	403	404840	0	404840	404840	404840	404840	404840	404840	404840	404840	404840
1	0	404840	402	404840	0	404840	404840	404840	404840	404840	404840	404840	404840	404840
1	0	404840	403	404840	0	404840	404840	404840	404840	404840	404840	404840	404840	404840
1	132421	539114	133802	540716	132258	540788	540860	541598	541872	542714	542894	542894	542894	542894
1	0	404840	403	404840	0	404840	404840	404840	404840	404840	404840	404840	404840	404840
1	0	404840	403	404840	0	404840	404840	404840	404840	404840	404840	404840	404840	404840
1	79666	485574	80648	486967	79798	487212	487212	487248	487375	487392	487392	487392	488160	489102
1	217547	624158	219037	624655	217410	625220	625220	625220	625382	625508	625508	625710	626725	626994
1	59857	466530	61145	467754	60272	468024	468024	468024	468096	468150	469144	469590	469608	469608
1	0	404840	403	404840	0	404840	404840	404840	404840	404840	404840	404840	404840	404840
1	0	404840	403	404840	0	404840	404840	404840	404840	404840	404840	404840	404840	404840
1	144828	644194	15992	644154	144994	644142	644142	644142	638484	630636	626502	626502	626502	626502
1	716509	1244484	634020	1244466	657620	1243008	1242846	1242750	1242558	1242558	1242151	1240884	1240884	1240865
1	0	404840	403	404840	0	404840	404840	404840	404840	404840	404840	404840	404840	404840
1	109046	515974	110460	516226	109460	517144	517144	517400	518656	518656	518980	518980	519898	520132
1	0	404840	403	404840	0	404840	404840	404840	404840	404840	404840	404840	404840	404840
1	184736	591124	185866	591160	184703	592780	592780	592780	592798	594287	594400	594418	594418	594418
1	274118	881618	49675	881258	253758	880062	879584	879584	878851	877982	877910	877243	876591	876021
1	120669	528310	122471	528490	121581	528490	529529	529768	530065	530110	530452	530840	530866	530866
1	0	404840	403	404840	0	404840	404840	404840	404840	404840	404840	404840	404840	404840
1	154253	561204	155940	562212	154798	563760	563868	563868	563886	563886	564358	565326	565326	565362
1	0	404840	403	404840	0	404840	404840	404840	404840	404840	404840	404840	404840	404840
1	1	404840	425	404840	38	404840	404840	404840	404840	404840	404840	404840	404840	404840
1	0	404840	403	404840	0	404840	404840	404840	404840	404840	404840	404840	404840	404840
1	0	404840	403	404840	0	404840	404840	404840	404840	404840	404840	404840	404840	404840
1	115783	523332	117488	523332	115684	525078	525078	525153	525366	525366	525672	525999	526140	526140
1	0	404840	403	404840	0	404840	404840	404840	404840	404840	404840	404840	404840	404840
1	0	404840	403	404840	0	404840	404840	404840	404840	404840	404840	404840	404840	404840
1	0	404840	403	404840	0	404840	404840	404840	404840	404840	404840	404840	404840	404840
1	57503	462918	58266	464306	57394	464484	464484	464484	464690	466014	466050	466050	466104	466212
1	179291	586956	181626	587122	180500	587248	587487	588814	588976	588994	589102	589606	589606	589606
1	0	404840	403	404840	0	404840	404840	404840	404840	404840	404840	404840	404840	404840
1	0	404840	403	404840	0	404840	404840	404840	404840	404840	404840	404840	404840	404840
1	23343	452086	6838	452086	29727	450646	450646	448251	445158	444656	443572	442279	436662	433483
1	0	404840	403	404840	0	404840	404840	404840	404840	404840	404840	404840	404840	404840
1	176907	583224	178083	584034	176764	585240	585510	585672	585870	585870	585870	586941	587688	587778
1	160448	566940	162600	567948	161344	568416	568542	569136	569190	569354	569784	569784	569784	569856
1	116706	522164	117598	522650	116676	522758	524162	524162	524162	524306	524414	524630	524630	524746
1	0	404840	403	404840	0	404840	404840	404840	404840	404840	404840	404840	404840	404840
1	184506	591280	185932	592074	184280	593134	593152	593152	593206	593494	593494	593872	593872	594106
1	150028	557344	152036	557776	150686	558226	558802	559180	559414	559490	561088	561160	561322	561430
1	196415	602710	197350	602818	196142	603214	603700	603700	603717	604780	604780	604798	604942	605158
1	121934	527579	123401	528732	122002	528822	529050	529164	529209	529506	529506	529992	530316	530442
1	0	404840	403	404840	0	404840	404840	404840	404840	404840	404840	404840	404840	404840
1	0	404840	403	404840	0	404840	404840	404840	404840	404840	404840	404840	404840	404840
1	73690	480660	75155	480822	74020	481013	482154	482208	482226	482424	482442	482460	482773	483756
1	93458	500249	95196	501284	94824	501392	501392	501490	502814	502814	502976	502976	502976	503624
1	211288	618348	212728	618848	211240	619482	619626	619698	620166	620618	620618	621338	621338	621446
1	173984	580232	175315	581672	173718	581916	582392	582392	582410	583789	583922	583976	584102	584102
1	0	404840	403	404840	0	404840	404840	404840	404840	404840	404840	404840	404840	404840
1	0	404840	403	404840	0	404840	404840	404840	404840	404840	404840	404840	404840	404840
1	0	404840	403	404840	0	404840	404840	404840	404840	404840	404840	404840	404840	404840
1	167562	573662	168799	574544	167526	575102	575282	575282	575390	575552	576182	576308	576308	576308
1	208950	616526	210578	617084	208961	617120	617120	617269	618254	618308	618308	618308	618308	618308
1	0	404840	403	404840	0	404840	404840	404840	404840	404840	404840	404840	404840	404840
1	70063	476040	71144	476148	70012	476882	477768	477768	477768	477768	477768	477985	479532	479578
1	0	404840	403	404840	0	404840	404840	404840	404840	404840	404840	404840	404840	404840
1	0	404840	403	404840	0	404840	404840	404840	404840	404840	404840	404840	404840	404840
1	0	404840	403	404840	0	404840	404840	404840	404840	404840	404840	404840	404840	404840
1	177649	584328	179131	584814	177544	585336	585894	586146	586146	586218	586946	587388	587388	587600
1	0	404840	403	404840	0	404840	404840	404840	404840	404840	404840	404840	404840	404840
1	0	404840	403	404840	0	404840	404840	404840	404840	404840	404840	404840	404840	404840
1	144526	551056	145645	551146	144578	551459	552172	552370	552370	552538	552586	552615	553378	553504
1	0	404840	403	404840	0	404840	404840	404840	404840	404840	404840	404840	404840	404840
1	0	404840	403	404840	0	404840	404840	404840	404840	404840	404840	404840	404840	404840
1	171709	578702	173194	578738	171540	579363	579422	580700	581060	581096	581132	581384	581456	582788
1	0	404840	403	404840	0	404840	404840	404840	404840	404840	404840	404840	404840	404840
1	0	404840	403	404840	0	404840	404840	404840	404840	404840	404840	404840	404840	404840
1	169191	576434	171300	576686	170190	576963	577244	577802	578180	578353	578468	578576	579422	579422
1	0	404840	403	404840	0	404840	404840	404840	404840	404840	404840	404840	404840	404840
1	191174	597962	192471	598244	191064	599005	599792	599792	599792	599955	601430	601430	601430	601430
1	201122	606910	202000	607054	200990	607918	607954	608472	608584	608584	608614	609430	609682	609718
1	187654	597538	190354	598001	187120	598870	598964	599446	599662	599680	600111	600256	600256	600301
1	0	404840	403	404840	0	404840	404840	404840	404840	404840	404840	404840	404840	404840
1	63486	469900	65024	469900	64736	471320	471466	471466	471466	471466	471592	473050	473050	473050
1	0	404840	403	404840	0	404840	404840	404840	404840	404840	404840	404840	404840	404840
1	678319	914719	470598	913017	661398	912180	911544	910545	910050	909786	909786	909786	908805	908148
1	1168504	1573344	1168907	1573344	1168504	1573344	1573344	1573344	1573344	1573344	1573344	1573344	1573344	1573344
1	154728	561986	156507	562040	155202	563498	563696	563750	563858	565262	565316	565352	565676	565766
1	0	404840	403	404840	0	404840	404840	404840	404840	404840	404840	404840	404840	404840
1	160072	566234	161235	567602	160242	567638	567638	567782	567800	568033	569368	569402	569453	569672
1	0	404840	403	404840	0	404840	404840	404840	404840	404840	404840	404840	404840	404840
1	0	404840	403	404840	0	404840	404840	404840	404840	404840	404840	404840	404840	404840
1	76162	482648	77170	482918	76318	482954	483224	483386	483429	484664	484682	484988	485582	485920
1	0	404840	403	404840	0	404840	404840	404840	404840	404840	404840	404840	404840	404840
1	0	404840	403	404840	0	404840	404840	404840	404840	404840	404840	404840	404840	404840
1	0	404840	403	404840	0	404840	404840	404840	404840	404840	404840	404840	404840	404840
1	172394	578636	173482	578888	172912	579554	580292	580436	580724	580724	581233	581444	581444	581516
1	0	404840	403	404840	0	404840	404840	404840	404840	404840	404840	404840	404840	404840
1	0	404840	403	404840	0	404840	404840	404840	404840	404840	404840	404840	404840	404840
1	88530	495056	89812	495288	88680	496064	496064	496280	496442	496496	497612	497638	497828	497954
1	0	404840	403	404840	0	404840	404840	404840	404840	404840	404840	404840	404840	404840
1	161190	566962	162689	568366	161490	568546	568546	569565	570166	570220	570544	570778	570778	571822
1	177791	584772	179374	585132	177862	586734	586770	586770	586896	588457	588462	588480	588516	588894
1	404840	404840	404840	404840	404840	404840	404840	404840	404840	404840	404840	404840	404840	404840
1	183080	591326	185011	591776	182850	591884	592275	593216	593270	593396	593486	593522	593522	593869
1	150730	558486	152750	558522	151522	558666	558864	558864	559365	560304	560358	560718	560754	560754
1	0	404840	403	404840	0	404840	404840	404840	404840	404840	404840	404840	404840	404840
1	0	404840	403	404840	0	404840	404840	404840	404840	404840	404840	404840	404840	404840
1	0	404840	403	404840	0	404840	404840	404840	404840	404840	404840	404840	404840	404840
1	676508	922776	474730	922074	661863	921372	920801	920390	919968	919302	919073	918045	917682	917196
1	147506	553858	148592	553912	147362	553948	555658	555676	555946	556126	556846	556846	557116	557177
1	150314	556814	151508	556962	150102	558162	558164	558182	558236	558449	559204	559874	560072	560126
1	267775	674476	269365	674790	268150	675024	675204	675600	675860	676608	676608	676608	676860	677094
1	0	404840	403	404840	0	404840	404840	404840	404840	404840	404840	404840	404840	404840
1	191208	597438	192376	598248	191122	598482	598518	598518	598947	599886	599886	599922	599922	599922
1	0	404840	403	404840	0	404840	404840	404840	404840	404840	404840	404840	404840	404840
1	0	404840	403	404840	0	404840	404840	404840	404840	404840	404840	404840	404840	404840
1	44101	496676	11953	488695	55446	474363	469574	467766	465518	462251	460635	460008	460008	460008
1	0	404840	403	404840	0	404840	404840	404840	404840	404840	404840	404840	404840	404840
1	0	404840	403	404840	0	404840	404840	404840	404840	404840	404840	404840	404840	404840
1	0	404840	403	404840	0	404840	404840	404840	404840	404840	404840	404840	404840	404840
1	0	404840	410	404840	0	404840	404840	404840	404840	404840	404840	404840	404840	404840
1	0	404840	402	404840	0	404840	404840	404840	404840	404840	404840	404840	404840	404840
1	177187	583788	178523	584184	176878	584652	584652	584652	585498	585498	585591	586021	586182	586182
1	0	404840	403	404840	0	404840	404840	404840	404840	404840	404840	404840	404840	404840
1	0	404840	403	404840	0	404840	404840	404840	404840	404840	404840	404840	404840	404840
1	0	404840	403	404840	0	404840	404840	404840	404840	404840	404840	404840	404840	404840
1	0	404840	403	404840	0	404840	404840	404840	404840	404840	404840	404840	404840	404840
1	0	404840	403	404840	0	404840	404840	404840	404840	404840	404840	404840	404840	404840
1	0	404840	403	404840	0	404840	404840	404840	404840	404840	404840	404840	404840	404840
1	0	404840	403	404840	0	404840	404840	404840	404840	404840	404840	404840	404840	404840
1	210701	616190	211503	616190	210720	617864	617864	618044	618224	618278	618640	618674	618674	619322
1	204848	611488	206099	611519	204704	612226	613054	613162	613198	613216	613234	613234	613396	614512
1	0	404840	403	404840	0	404840	404840	404840	404840	404840	404840	404840	404840	404840
1	132204	625977	15602	616487	126526	599165	590183	586951	585616	584189	581505	578889	572826	564425
1	0	404840	403	404840	0	404840	404840	404840	404840	404840	404840	404840	404840	404840
1	0	404840	403	404840	0	404840	404840	404840	404840	404840	404840	404840	404840	404840
1	0	404840	403	404840	0	404840	404840	404840	404840	404840	404840	404840	404840	404840
1	0	404840	403	404840	0	404840	404840	404840	404840	404840	404840	404840	404840	404840
1	142139	548740	143351	548812	142064	549154	550108	550108	550143	550234	550774	551170	551170	551422
1	195913	602234	197784	603422	196890	603869	604069	604970	604970	605096	605096	605150	605154	605744
1	0	404840	403	404840	0	404840	404840	404840	404840	404840	404840	404840	404840	404840
1	0	404840	403	404840	0	404840	404840	404840	404840	404840	404840	404840	404840	404840
1	0	404840	403	404840	0	404840	404840	404840	404840	404840	404840	404840	404840	404840
1	775	411870	4208	411330	0	410584	409961	409638	409008	408846	408230	407417	407172	406534
1	145867	552234	146989	552324	145756	552468	553957	554052	554052	554250	554268	554268	554556	554718
1	0	404840	403	404840	0	404840	404840	404840	404840	404840	404840	404840	404840	404840
1	0	404840	403	404840	0	404840	404840	404840	404840	404840	404840	404840	404840	404840
1	0	404840	403	404840	0	404840	404840	404840	404840	404840	404840	404840	404840	404840
1	0	404840	403	404840	0	404840	404840	404840	404840	404840	404840	404840	404840	404840
1	154556	561671	156153	562066	154634	562372	562606	562984	562984	563002	564388	564388	564730	564730
1	108409	516040	110575	516274	109562	516760	517858	517858	517930	518200	518354	518434	519190	519320
1	0	404840	403	404840	0	404840	404840	404840	404840	404840	404840	404840	404840	404840
1	0	404840	403	404840	0	404840	404840	404840	404840	404840	404840	404840	404840	404840
1	136542	543326	138311	544226	137316	544798	545324	545324	545900	545900	546494	547322	547376	547574
1	64476	470143	65478	471442	64838	471586	471586	471694	472468	472972	472972	473260	473296	473296
1	0	404840	403	404840	0	404840	404840	404840	404840	404840	404840	404840	404840	404840
1	0	404840	403	404840	0	404840	404840	404840	404840	404840	404840	404840	404840	404840
1	0	404840	403	404840	0	404840	404840	404840	404840	404840	404840	404840	404840	404840
1	0	404840	403	404840	0	404840	404840	404840	404840	404840	404840	404840	404840	404840
1	209545	615432	210585	615864	209692	617088	617106	617215	617682	617700	618844	618881	618924	618924
1	0	404840	403	404840	0	404840	404840	404840	404840	404840	404840	404840	404840	404840
1	0	404840	403	404840	0	404840	404840	404840	404840	404840	404840	404840	404840	404840
1	0	404840	403	404840	0	404840	404840	404840	404840	404840	404840	404840	404840	404840
1	0	404840	403	404840	0	404840	404840	404840	404840	404840	404840	404840	404840	404840
1	0	404840	403	404840	0	404840	404840	404840	404840	404840	404840	404840	404840	404840
1	0	404840	403	404840	0	404840	404840	404840	404840	404840	404840	404840	404840	404840
1	0	404840	403	404840	0	404840	404840	404840	404840	404840	404840	404840	404840	404840
1	0	404840	403	404840	0	404840	404840	404840	404840	404840	404840	404840	404840	404840
1	168891	576188	170603	576224	168954	576584	577952	577970	578024	578348	579734	579788	579788	579788
1	192635	599444	193968	599498	192570	600596	600632	600806	600830	601136	601388	601388	601388	601818
1	205149	611448	206125	612834	204970	612834	612870	613487	613806	613806	614220	614346	614346	614526
1	0	404840	403	404840	0	404840	404840	404840	404840	404840	404840	404840	404840	404840
1	0	404840	403	404840	0	404840	404840	404840	404840	404840	404840	404840	404840	404840
1	55524	462896	57158	462950	56076	464314	464426	464426	464462	464624	464762	465344	465344	465344
1	0	404840	403	404840	0	404840	404840	404840	404840	404840	404840	404840	404840	404840
1	748576	1577262	801987	1576100	659726	1574952	1574824	1574776	1574368	1574272	1574160	1573988	1573749	1573372
1	0	404840	403	404840	0	404840	404840	404840	404840	404840	404840	404840	404840	404840
1	219164	624478	220078	625826	219224	625918	626026	626026	626062	626458	626458	626764	626764	626890
1	0	404840	403	404840	0	404840	404840	404840	404840	404840	404840	404840	404840	404840
1	0	404840	403	404840	0	404840	404840	404840	404840	404840	404840	404840	404840	404840
1	547529	549144	548580	550368	548206	550782	550926	551034	551196	551466	551466	551477	551987	552870
1	0	404840	403	404840	0	404840	404840	404840	404840	404840	404840	404840	404840	404840
1	128652	535137	130014	535618	129229	535658	535658	536018	537296	537368	537440	537620	537620	537746
1	164292	570634	165681	571660	163994	572632	572686	573897	573928	573928	574018	575494	575494	575584
1	0	404840	403	404840	0	404840	404840	404840	404840	404840	404840	404840	404840	404840
1	0	404840	403	404840	0	404840	404840	404840	404840	404840	404840	404840	404840	404840
1	0	404840	403	404840	0	404840	404840	404840	404840	404840	404840	404840	404840	404840
1	0	404840	403	404840	0	404840	404840	404840	404840	404840	404840	404840	404840	404840
1	0	404840	403	404840	0	404840	404840	404840	404840	404840	404840	404840	404840	404840
1	0	404840	403	404840	0	404840	404840	404840	404840	404840	404840	404840	404840	404840
1	711905	1227670	629495	1227454	657920	1227382	1227238	1227238	1227238	1226423	1225780	1225780	1225762	1225762
1	0	404840	403	404840	0	404840	404840	404840	404840	404840	404840	404840	404840	404840
1	0	404840	403	404840	0	404840	404840	404840	404840	404840	404840	404840	404840	404840
1	78351	485738	80223	485900	79206	486362	486548	486728	486728	486800	487520	488276	488276	488276
1	164094	570438	165163	570920	163762	572184	572220	572220	572742	573786	573822	574344	574344	574578
1	0	404840	403	404840	0	404840	404840	404840	404840	404840	404840	404840	404840	404840
1	116514	523706	117947	523742	116292	524850	525092	525092	525110	525182	525182	525185	525776	526640
1	682959	913027	470857	911914	658477	910978	910654	910438	910024	909684	909484	909178	908841	908692
1	0	404840	403	404840	0	404840	404840	404840	404840	404840	404840	404840	404840	404840
1	686450	958848	493010	957342	658768	956768	956358	955535	955038	954714	954225	953433	952965	952628
1	0	404840	403	404840	0	404840	404840	404840	404840	404840	404840	404840	404840	404840
1	56190	462550	57503	463900	56738	463900	463900	464155	464446	464618	464656	464990	465772	465772
1	0	404840	403	404840	0	404840	404840	404840	404840	404840	404840	404840	404840	404840
1	0	404840	403	404840	0	404840	404840	404840	404840	404840	404840	404840	404840	404840
1	196596	602876	197500	602917	196434	604298	604316	604460	604550	604658	604784	604784	604892	605612
1	112071	518634	113720	520290	112246	520416	520632	521028	521028	522161	522522	522577	522900	522918
1	65088	471772	66547	471772	65294	471990	472060	472420	472573	472783	472906	473554	473788	473788
1	0	404840	403	404840	0	404840	404840	404840	404840	404840	404840	404840	404840	404840
1	0	404840	403	404840	0	404840	404840	404840	404840	404840	404840	404840	404840	404840
1	83958	490434	85112	490686	83938	491707	492271	492558	492558	492558	492558	493818	493836	493944
1	0	404840	403	404840	0	404840	404840	404840	404840	404840	404840	404840	404840	404840
1	186452	593803	188758	594110	187452	594632	594632	595352	595352	595523	595833	595964	595964	595964
1	0	404840	403	404840	0	404840	404840	404840	404840	404840	404840	404840	404840	404840
1	202479	610994	205278	611246	203328	611966	613043	613046	613064	613232	614522	614540	614540	614774
1	0	404840	403	404840	0	404840	404840	404840	404840	404840	404840	404840	404840	404840
1	68648	474280	70178	475630	68900	475918	475918	476602	477106	477142	477142	477142	477214	477292
1	180964	587400	182811	588714	181174	589182	589614	590046	590244	590658	591378	591522	592080	592080
1	0	404840	403	404840	0	404840	404840	404840	404840	404840	404840	404840	404840	404840
1	203468	609380	204409	609398	203496	610056	610874	610874	610874	611054	611072	611450	611684	612206
1	0	404840	403	404840	0	404840	404840	404840	404840	404840	404840	404840	404840	404840
1	100771	508160	102753	508610	101286	509906	510032	510223	510572	511179	511274	511436	512804	512822
1	0	404840	403	404840	0	404840	404840	404840	404840	404840	404840	404840	404840	404840
1	0	404840	403	404840	0	404840	404840	404840	404840	404840	404840	404840	404840	404840
1	0	404840	403	404840	0	404840	404840	404840	404840	404840	404840	404840	404840	404840
1	147674	553848	148693	553956	147478	554076	555594	555633	555648	555738	555792	555826	556242	557018
1	210564	616732	211566	616858	210326	617752	618208	618446	618496	618496	618496	618802	619108	619108
1	0	404840	403	404840	0	404840	404840	404840	404840	404840	404840	404840	404840	404840
1	0	404840	403	404840	0	404840	404840	404840	404840	404840	404840	404840	404840	404840
1	404840	404840	404840	404840	0	404840	404840	404840	404840	404840	404840	404840	404840	404840
1	161604	567460	162968	568424	161658	568424	569523	569665	569684	569738	570268	570944	570998	571268
1	0	404840	403	404840	0	404840	404840	404840	404840	404840	404840	404840	404840	404840
1	0	404840	403	404840	0	404840	404840	404840	404840	404840	404840	404840	404840	404840
1	0	404840	403	404840	0	404840	404840	404840	404840	404840	404840	404840	404840	404840
1	0	404840	403	404840	0	404840	404840	404840	404840	404840	404840	404840	404840	404840
1	202362	608756	203445	608918	202170	609121	610160	610178	610255	610340	610466	610520	610520	611718
1	0	404840	403	404840	0	404840	404840	404840	404840	404840	404840	404840	404840	404840
1	0	404840	403	404840	0	404840	404840	404840	404840	404840	404840	404840	404840	404840
1	0	404840	403	404840	0	404840	404840	404840	404840	404840	404840	404840	404840	404840
1	0	404840	403	404840	0	404840	404840	404840	404840	404840	404840	404840	404840	404840
1	0	404840	403	404840	0	404840	404840	404840	404840	404840	404840	404840	404840	404840
1	166442	573198	167829	573414	166360	573648	574530	574530	574530	575772	576114	576114	576115	577644
1	0	404840	403	404840	0	404840	404840	404840	404840	404840	404840	404840	404840	404840
1	124114	530837	126411	532260	125440	532638	533034	533034	533297	533664	533664	533955	535014	535410
1	152633	559290	153849	559992	152398	560154	561485	561828	561864	561980	563394	563394	563412	563808
1	0	404840	403	404840	0	404840	404840	404840	404840	404840	404840	404840	404840	404840
1	174299	580534	176123	582064	174578	582244	582820	583083	583810	583918	583990	583990	585058	585700
1	0	404840	403	404840	0	404840	404840	404840	404840	404840	404840	404840	404840	404840
1	143697	550446	145261	551850	143932	551940	552376	552840	552876	552912	554037	554622	554622	554622
1	0	404840	403	404840	0	404840	404840	404840	404840	404840	404840	404840	404840	404840
1	0	404840	403	404840	0	404840	404840	404840	404840	404840	404840	404840	404840	404840
1	0	404840	403	404840	0	404840	404840	404840	404840	404840	404840	404840	404840	404840
1	0	404840	403	404840	0	404840	404840	404840	404840	404840	404840	404840	404840	404840
1	60715	466892	61735	467288	60558	467828	468296	468296	468296	469188	469790	469790	469794	469898
1	195178	601924	196957	603130	195488	603130	603310	603652	604516	604588	604606	604624	604768	604930
1	0	404840	403	404840	0	404840	404840	404840	404840	404840	404840	404840	404840	404840
1	0	404840	403	404840	0	404840	404840	404840	404840	404840	404840	404840	404840	404840
1	200482	607174	201657	607912	200408	608236	608568	609784	609802	609802	609921	610434	611458	611530
1	76873	482890	77624	482890	76556	483484	483592	483898	483898	483988	485100	485104	485104	485212
1	103899	510330	105733	511956	103804	512046	512046	512985	513540	513540	513576	514335	514638	514638
1	181394	587952	182943	589608	181420	589770	590202	590724	590825	591264	591264	591882	592704	592737
1	128700	534845	130073	534996	128950	535752	536040	536076	536148	536364	536364	536544	536544	536544
1	53432	459422	54371	459634	53214	459656	459692	459836	459853	461186	461186	461492	461528	461528
1	0	404840	403	404840	0	404840	404840	404840	404840	404840	404840	404840	404840	404840
1	0	404840	403	404840	0	404840	404840	404840	404840	404840	404840	404840	404840	404840
1	0	404840	403	404840	0	404840	404840	404840	404840	404840	404840	404840	404840	404840
1	96642	504314	98601	504350	97620	504386	504836	505988	505988	506258	506546	507747	507968	507968
1	101894	508408	103020	508408	102044	509641	509794	510064	510064	510136	510424	510532	511234	511234
1	0	404840	403	404840	0	404840	404840	404840	404840	404840	404840	404840	404840	404840
1	75490	482074	77886	483172	76856	483172	483189	483298	483298	483298	483298	484468	484936	484954
1	0	404840	403	404840	0	404840	404840	404840	404840	404840	404840	404840	404840	404840
1	0	404840	403	404840	0	404840	404840	404840	404840	404840	404840	404840	404840	404840
1	0	404840	403	404840	0	404840	404840	404840	404840	404840	404840	404840	404840	404840
1	0	404840	403	404840	0	404840	404840	404840	404840	404840	404840	404840	404840	404840
1	82610	489364	84245	489364	83156	491020	491038	491056	491092	491092	492346	492532	492604	492748
1	91502	497770	92624	497770	91400	498994	499046	499210	499210	499587	500074	500074	500560	500578
1	0	404840	403	404840	0	404840	404840	404840	404840	404840	404840	404840	404840	404840
1	0	404840	403	404840	0	404840	404840	404840	404840	404840	404840	404840	404840	404840
1	92	92	92	92	92	92	92	92	92	92	92	92	92	92
1	0	92	0	92	543	92	92	92	92	92	92	92	92	92
1	542	542	542	542	542	542	542	542	542	542	542	542	542	542
1	0	542	0	542	5483	542	542	542	542	542	542	542	542	542
1	0	542	0	542	5484	542	542	542	542	542	542	542	542	542
1	0	542	0	542	5481	542	542	542	542	542	542	542	542	542
1	0	542	0	542	5490	542	542	542	542	542	542	542	542	542
1	0	5144	8	5144	54923	5144	5144	5144	5144	5144	5144	5144	5144	5144
1	5144	5144	5144	5144	5144	5144	5144	5144	5144	5144	5144	5144	5144	5144
1	5144	5144	8	5144	54923	5144	5144	5144	5144	5144	5144	5144	5144	5144
1	0	5144	8	5144	54923	5144	5144	5144	5144	5144	5144	5144	5144	5144
1	0	5144	8	5144	54923	5144	5144	5144	5144	5144	5144	5144	5144	5144
1	1037440	2588838	609501	2588532	980884	2588262	2587380	2587164	2587128	2587038	2587038	2587038	2587038	2586894
1	5144	5144	5144	5144	5144	5144	5144	5144	5144	5144	5144	5144	5144	5144
1	0	5144	8	5144	54923	5144	5144	5144	5144	5144	5144	5144	5144	5144
1	0	5144	8	5144	54923	5144	5144	5144	5144	5144	5144	5144	5144	5144
1	0	5144	8	5144	54923	5144	5144	5144	5144	5144	5144	5144	5144	5144
1	0	5144	8	5144	54923	5144	5144	5144	5144	5144	5144	5144	5144	5144
1	0	5144	8	5144	54923	5144	5144	5144	5144	5144	5144	5144	5144	5144
1	0	5144	8	5144	54923	5144	5144	5144	5144	5144	5144	5144	5144	5144
1	0	5144	8	5144	54923	5144	5144	5144	5144	5144	5144	5144	5144	5144
1	0	5144	8	5144	54923	5144	5144	5144	5144	5144	5144	5144	5144	5144
1	0	5144	8	5144	54923	5144	5144	5144	5144	5144	5144	5144	5144	5144
1	0	5144	8	5144	54923	5144	5144	5144	5144	5144	5144	5144	5144	5144
1	0	5144	8	5144	54923	5144	5144	5144	5144	5144	5144	5144	5144	5144
1	0	5144	8	5144	54923	5144	5144	5144	5144	5144	5144	5144	5144	5144
1	5144	5144	5144	5144	5144	5144	5144	5144	5144	5144	5144	5144	5144	5144
1	0	5144	8	5144	54923	5144	5144	5144	5144	5144	5144	5144	5144	5144
1	0	5144	8	5144	54923	5144	5144	5144	5144	5144	5144	5144	5144	5144
1	0	5144	8	5144	54923	5144	5144	5144	5144	5144	5144	5144	5144	5144
1	0	5144	8	5144	54923	5144	5144	5144	5144	5144	5144	5144	5144	5144
1	0	5144	8	5144	54923	5144	5144	5144	5144	5144	5144	5144	5144	5144
1	0	5144	8	5144	54923	5144	5144	5144	5144	5144	5144	5144	5144	5144
1	0	5144	8	5144	54923	5144	5144	5144	5144	5144	5144	5144	5144	5144
1	5144	5144	5144	5144	5144	5144	5144	5144	5144	5144	5144	5144	5144	5144
1	5144	5144	5144	5144	5144	5144	5144	5144	5144	5144	5144	5144	5144	5144
1	5144	5144	5144	5144	5144	5144	5144	5144	5144	5144	5144	5144	5144	5144
1	5144	5144	5144	5144	5144	5144	5144	5144	5144	5144	5144	5144	5144	5144
1	5144	5144	5144	5144	5144	5144	5144	5144	5144	5144	5144	5144	5144	5144
1	5144	5144	5144	5144	5144	5144	5144	5144	5144	5144	5144	5144	5144	5144
1	1915382	1915382	1915382	1915382	1915382	1915382	1915382	1915382	1915382	1915382	1915382	1915382	1915382	1915382
1	5144	5144	5144	5144	5144	5144	5144	5144	5144	5144	5144	5144	5144	5144
1	5144	5144	5144	5144	5144	5144	5144	5144	5144	5144	5144	5144	5144	5144
1	5144	5144	5144	5144	5144	5144	5144	5144	5144	5144	5144	5144	5144	5144
1	5144	5144	5144	5144	5144	5144	5144	5144	5144	5144	5144	5144	5144	5144
1	5144	5144	5144	5144	5144	5144	5144	5144	5144	5144	5144	5144	5144	5144
1	5144	5144	5144	5144	5144	5144	5144	5144	5144	5144	5144	5144	5144	5144
1	5144	5144	5144	5144	5144	5144	5144	5144	5144	5144	5144	5144	5144	5144
1	183180052	183180610	183180610	183181076	183182230	183182266	183182464	183182716	183183796	183183999	183184228	183184228	183184498	183185974
1	183196718	183196983	183197114	183197114	183197552	183198698	183198716	183198770	183198824	183199436	183199436	183200575	183200822	183201056
1	184524306	184524126	184523784	184524431	184524974	184524558	184524036	184523794	184524598	184524522	184524180	184523853	184523902	184523838
